org,repo_name,health_score,num_commits,average_time_issue_opened,average_time_pull_request_get_merged,ratio_commit_per_developers
bossm,chancechat,2.000000,21853,Infinity,0.000000,21853.000000
mop-tracker,mop,1.000092,2,25618537.000000,87857718.000000,2.000000
jasongornall,always-green,1.000000,0,0.125000,0.000000,0.000000
CXLYJ,LYJ,0.890642,1,Infinity,78245782.000000,1.000000
zvxr-tech,tabs2txt,0.803459,1,Infinity,70586075.000000,1.000000
RepairShopr,react-native-signature-capture,0.632766,1,Infinity,55589375.000000,1.000000
evanxg852000,evansofts-flappy,0.622446,1,Infinity,54682704.000000,1.000000
purescript,purescript-validation,0.575761,1,Infinity,50581035.000000,1.000000
personaltelco,ptp-openwrt-files,0.544515,2,Infinity,47831786.000000,2.000000
XDoodler,OTP-Verification-in-E-mail,0.516333,1,Infinity,45359826.000000,1.000000
nanopoteto,B3_code,0.513283,1,Infinity,45091891.000000,1.000000
pdlanl,Javascript,0.507477,1,Infinity,44581788.000000,1.000000
SpamExperts,OrangeAssassin,0.470869,1,Infinity,41365492.000000,1.000000
adrianvanderwal,BurnerLeech,0.462122,2,Infinity,40592914.000000,2.000000
EasyNetQ,EasyNetQ,0.420758,1,Infinity,36962782.000000,1.000000
osu-translate-zh,osu-wiki,0.410900,1,Infinity,36096720.000000,1.000000
jhuizy,recipes-serverless,0.379793,1,Infinity,33363685.000000,1.000000
hsharsha,v8inspector,0.364351,4,36148868.666667,31994964.000000,4.000000
ethanjli,linear-position-control,0.356617,1,Infinity,31327579.000000,1.000000
Yonet,Angular-Interview-Questions,0.349681,2,Infinity,30714095.000000,2.000000
Jafarili,simple-php-git-deploy,0.329047,1,Infinity,28905268.000000,1.000000
ierror,django-js-reverse,0.311034,6,Infinity,27302610.000000,6.000000
terraform-providers,terraform-provider-aws,0.307838,4,18805673.000000,27041943.500000,1.000000
rikkimongoose,ya-api-direct,0.291121,4,Infinity,25561109.000000,4.000000
libertempo,libertempo.github.io,0.269185,1,Infinity,23645965.000000,1.000000
potree,potree,0.258747,2,Infinity,22724844.000000,2.000000
rust-unofficial,patterns,0.249481,1,22578021.000000,21914807.000000,1.000000
dyama,mruby-rational,0.244025,1,Infinity,21435451.000000,1.000000
omg-services,mailchimp,0.236506,1,Infinity,20774866.000000,1.000000
omg-services,diff,0.234708,1,Infinity,20616924.000000,1.000000
Pryaxis,TerrariaAPI-Server,0.230903,2,66992316.000000,20278561.500000,2.000000
catsworld,icpcdomdoc,0.214395,1,Infinity,18832235.000000,1.000000
hanshillen,aria-test-builder,0.213176,2,Infinity,18721119.500000,2.000000
ExtraConcentratedJuice,pokecord-catcher,0.203910,1,Infinity,17911040.000000,1.000000
moreonion,flipclock7,0.202434,1,Infinity,17781411.000000,1.000000
HospitalRun,hospitalrun.github.io,0.200648,5,Infinity,17608407.000000,5.000000
google,playhvz,0.195810,2,Infinity,17195416.500000,2.000000
michelsmith89,aaa,0.193182,0,0.647059,0.000000,0.000000
ott-lang,ott,0.192359,11,Infinity,16878070.285714,5.500000
zaggino,z-schema,0.187575,4,Infinity,16463860.000000,4.000000
debricked,debricked-test-integration,0.187500,0,0.666667,0.000000,0.000000
dotnet,jitutils,0.186914,1,Infinity,16417824.000000,1.000000
AppScale,hawkeye,0.173285,1,Infinity,15220414.000000,1.000000
bluzi,jsonstore,0.169368,1,Infinity,14876274.000000,1.000000
easemob,sdkdemoapp3.0_ios,0.160324,1,Infinity,14083699.000000,0.500000
CartoDB,mobile-tile-packager,0.159024,1,Infinity,13967435.000000,1.000000
etaminstudio,algoliasearch-nationbuilder,0.157521,6,Infinity,13827404.500000,3.000000
25ma,cms,0.152558,2,Infinity,13395364.000000,2.000000
cbzs,ntdtv,0.139935,3058,Infinity,0.000000,3058.000000
H1d3r,K8tools,0.136699,1,Infinity,12006039.000000,1.000000
QubesOS,qubes-linux-pvgrub2,0.136309,1,Infinity,11971762.000000,1.000000
openSUSE,vagrant-ceph,0.134387,1,Infinity,11802916.000000,1.000000
Appdynamics,aws-elb-monitoring-extension,0.128279,2,Infinity,11266301.000000,1.000000
zenware,providence,0.127102,40,Infinity,11113301.444444,13.333333
e55db081d05f58a,e55db081d05f58a.github.io,0.124102,2712,Infinity,0.000000,2712.000000
lablup,backend.ai-client-py,0.121209,2,Infinity,10641122.000000,2.000000
zenware,iso-openweathermap,0.120652,27,Infinity,10545928.727273,13.500000
joschi,nosqlunit-elasticsearch2,0.120257,3,Infinity,10553480.333333,3.000000
k4cg,Code-of-Conduct,0.116099,2,Infinity,10192153.500000,2.000000
apache,rocketmq-client-cpp,0.115699,1,Infinity,10160988.000000,1.000000
toddams,RazorLight,0.114055,1,Infinity,10018612.000000,0.500000
shekhar-shubhendu,supply-chain,0.112363,3,Infinity,9859932.666667,3.000000
SorinC6,webtesting-iii-challenge,0.109718,1,Infinity,9635533.000000,1.000000
spring-cloud,spring-cloud-common-security-config,0.109564,7,1106529.000000,9597879.571429,7.000000
cats-oss,use-intersection,0.109507,14,Infinity,9602268.000000,4.666667
sdlpal,sdlpal,0.109247,2,Infinity,9590157.000000,2.000000
Delicode,NI-mate-plugins,0.108968,3,21439873.000000,9561604.000000,3.000000
soehlert,fantascraper,0.108082,1,Infinity,9491824.000000,1.000000
basiljs,basiljs.github.io,0.107944,1,Infinity,9479652.000000,1.000000
galaxyproject,galaxy,0.107822,1,Infinity,9471620.000000,0.333333
nhsevidence,identity,0.104986,1,Infinity,9219807.000000,1.000000
mdn,kumascript,0.103967,1,Infinity,9130326.000000,1.000000
farizdotid,DAFTAR-API-LOKAL-INDONESIA,0.102261,3,Infinity,8978425.000000,1.500000
darribas,contextily,0.101612,2,Infinity,8923394.000000,1.000000
RaneWallin,Redux-Friends,0.101391,1,Infinity,8903972.000000,1.000000
xiaospider,test,0.100000,0,1.250000,0.000000,0.000000
joschi,JadConfig,0.099949,6,Infinity,8769217.666667,3.000000
yamaha252,intergram,0.099195,2,Infinity,8707036.000000,2.000000
pocke,www,0.098218,1,104258132.000000,8625180.000000,1.000000
willcbaker-ext,subt,0.097561,2132,Infinity,0.000000,2132.000000
openml,openml-r,0.097512,8,44216937.500000,8534989.000000,8.000000
rafael-sanz,qsAPI,0.097225,1,Infinity,8537984.000000,1.000000
sopel-irc,sopel-github,0.095850,4,Infinity,8405059.000000,4.000000
vba-blocks,vba-blocks,0.095325,6,24717044.000000,8350901.000000,6.000000
vebradev,Sprint-Challenge--User-Interface,0.094312,1,Infinity,8282041.000000,1.000000
trmcnvn,DigitalOcean.API,0.091084,2,Infinity,7994393.000000,2.000000
Azure,sonic-swss,0.090130,2,Infinity,7915896.000000,0.666667
RIOT-OS,RIOT,0.089558,2,Infinity,7866364.000000,0.500000
TryGhost,Ghost-SDK,0.088800,4,Infinity,7793753.000000,2.000000
imMichaelHarris,Preprocessing-I,0.088018,1,Infinity,7729079.000000,1.000000
vigna,fastutil,0.087678,9,9734586.000000,7667039.500000,9.000000
wayanjimmy,chisa,0.086978,1,Infinity,7637709.000000,1.000000
joschi,nosqlunit-elasticsearch-http,0.086827,3,Infinity,7616404.666667,3.000000
joschi,jackson-datatype-threetenbp,0.086810,3,Infinity,7614909.000000,3.000000
absinthe-graphql,absinthe_relay,0.086661,4,Infinity,7605796.000000,2.000000
tokopedia,gripmock,0.086552,2,6831297.000000,7596182.000000,2.000000
MarcinusX,NumberPicker,0.086377,2,26804023.000000,7580819.000000,2.000000
imMichaelHarris,Sprint-Challenge--Advanced-CSS,0.086208,1,Infinity,7569999.000000,1.000000
enjsite,StarGame,0.085542,1,Infinity,7511471.000000,1.000000
sandiiarov,use-deep-compare,0.083704,9,Infinity,7317833.250000,9.000000
glacials,splits-io,0.082506,3,Infinity,7242757.000000,1.500000
vebradev,JavaScript-I,0.082315,1,Infinity,7228021.000000,1.000000
rubictron,maze-solving-library-for-arduino,0.081800,1,Infinity,7182759.000000,1.000000
SpamExperts,se-mailbox,0.081648,5,Infinity,7163323.000000,2.500000
ElevenPaths,tacyt-sdk-java,0.081503,1,Infinity,7156623.000000,1.000000
ilastik,ilastik,0.081466,1,Infinity,7155372.000000,0.500000
FlightDataServices,FlightDataAnalyzer,0.081431,8,Infinity,7122197.625000,8.000000
digital-asset,ex-repo-market,0.081340,1,Infinity,7142343.000000,1.000000
SamanthaEgge,JavaScript-III,0.080983,1,Infinity,7110923.000000,1.000000
andela,mrm_push,0.080527,2,Infinity,7066871.000000,2.000000
imMichaelHarris,JavaScript-IV,0.080148,1,Infinity,7037604.000000,1.000000
SamanthaEgge,JavaScript-IV,0.080004,1,Infinity,7024926.000000,1.000000
vebradev,Sprint-Challenge--JavaScript,0.079576,1,Infinity,6987365.000000,1.000000
imMichaelHarris,Sprint-Challenge--JavaScript,0.079333,1,Infinity,6965987.000000,1.000000
yoriyuki,Camomile,0.077617,2,Infinity,6811217.500000,2.000000
flyway,flyway,0.076765,3,1172349.000000,6740337.000000,1.000000
ocaml-ppx,ppxlib,0.075444,2,Infinity,6624342.000000,1.000000
ElevenPaths,tacyt-sdk-python,0.074548,1,Infinity,6545631.000000,1.000000
nuxeo,nuxeo-ansible-jenkins,0.074544,1,Infinity,6545229.000000,1.000000
CopaceticMeatbag,GnuCash,0.073688,1,7452829.000000,6470024.000000,1.000000
ros,diagnostics,0.073086,1,Infinity,6417138.000000,1.000000
cloud-elements,churros,0.072766,5,Infinity,6388024.333333,1.250000
vebradev,Sprint-Challenge-Applied-Javascript,0.072679,1,Infinity,6381372.000000,1.000000
conda-forge,pyqt-feedstock,0.072167,1,6571806.000000,6336421.000000,1.000000
dwmkerr,lex-starter-kit,0.071927,5,Infinity,6299271.500000,5.000000
gost-engine,engine,0.071260,1,Infinity,6256755.000000,1.000000
phac-nml,mob-suite,0.070488,1,Infinity,6188924.000000,1.000000
libyal,libevt,0.069007,2,Infinity,6054719.000000,2.000000
Adalab,soluciones-alumnas-f,0.068307,1,Infinity,5997236.000000,1.000000
cornell-dti,events-backend,0.068062,1,Infinity,5975777.750000,1.000000
react-native-training,react-native-elements,0.067548,4,15375505.333333,5918556.666667,4.000000
Graylog2,puppet-graylog,0.067547,1,Infinity,5930535.000000,1.000000
DmitryPavlovski,TAT_2019.1,0.066793,3,Infinity,5856191.000000,3.000000
VictorFateh,inspectx-app,0.066304,1,Infinity,5821329.000000,1.000000
freesewing,markdown,0.066240,1362,3191206.000000,343923.500000,1362.000000
qubole,bootstrap-functions,0.066230,4,Infinity,5810751.000000,2.000000
cooplab,popgen-notes,0.065863,1,Infinity,5782511.000000,1.000000
pfnet-research,chainer-chemistry,0.065218,1,1135619.000000,5727870.500000,0.500000
absinthe-graphql,absinthe,0.065103,1,Infinity,5715813.000000,1.000000
nexusformat,definitions,0.064788,2,10813315.000000,5684074.500000,2.000000
mintel,dex-k8s-ingress-watcher,0.064645,6,Infinity,5655400.500000,6.000000
robchahin,sso-wall-of-shame,0.064594,3,Infinity,5663050.666667,3.000000
RaneWallin,webdb-ii-challenge,0.064020,1,Infinity,5620656.000000,1.000000
autotest,tp-qemu,0.063982,4,Infinity,5617277.000000,1.000000
prettier,prettier,0.063734,1,Infinity,5597501.000000,0.500000
VirtoCommerce,vc-module-content,0.063657,6,14969382.666667,5568633.000000,6.000000
micolous,metrodroid,0.063268,3,Infinity,5546537.000000,3.000000
SysBioChalmers,Human-GEM,0.062627,1,Infinity,5498260.000000,1.000000
taichi-framework,TaiChi,0.062500,0,2.000000,0.000000,0.000000
esphome,issues,0.062500,0,2.000000,0.000000,0.000000
nuxt-community,koa-template,0.062500,0,2.000000,0.000000,0.000000
Spoken-tutorial,spoken-tutorial-forum,0.062373,2,Infinity,5475959.500000,1.000000
unipartdigital,udes-tester,0.061818,3,Infinity,5419161.000000,3.000000
lexik,LexikTranslationBundle,0.061661,1,Infinity,5413406.000000,1.000000
awslabs,amazon-polly-wordpress-plugin,0.061334,1,Infinity,5384668.000000,1.000000
hmcts,div-case-maintenance-service,0.061085,1,Infinity,5362730.000000,1.000000
kaltura,playkit-android-samples,0.061052,5,Infinity,5343745.000000,5.000000
crazyfactory,ts-module-boilerplate,0.061007,2,Infinity,5351856.000000,2.000000
RaneWallin,webdb-iii-challenge,0.060987,1,Infinity,5354148.000000,1.000000
CakeDC,auth,0.060807,2,15342088.000000,5334323.000000,2.000000
zce,zce-cli,0.060604,4,Infinity,5316520.000000,2.000000
nuxt-community,sitemap-module,0.060505,2,Infinity,5307813.000000,2.000000
spoonconsulting,cordova-plugin-simple-camera-preview,0.060128,1,Infinity,5278691.000000,1.000000
vebradev,React-Todo,0.059697,1,Infinity,5240832.000000,1.000000
rebassjs,rebass,0.059418,6,Infinity,5196203.000000,6.000000
vaadin,vaadin-text-field,0.059045,1,Infinity,5183553.000000,1.000000
RaneWallin,webdb-iv-challenge,0.059021,1,Infinity,5181440.000000,1.000000
elastacloud,parquet-dotnet,0.058924,2,Infinity,5172924.000000,1.000000
vebradev,Sprint-Challenge-React-Wars,0.058910,1,Infinity,5171700.000000,1.000000
eclipse,sprotty-theia,0.058813,1,Infinity,5163170.000000,1.000000
bevry,editions,0.058638,2,Infinity,5143763.500000,2.000000
sommer,veins,0.058621,5,Infinity,5130180.500000,5.000000
bevry,taskgroup,0.058396,2,Infinity,5122469.000000,2.000000
tantivy-search,tantivy-py,0.057976,2,Infinity,5089642.000000,1.000000
Assembly-WebCrew,contentful-web,0.057904,3,Infinity,5075279.000000,3.000000
status-im,status-console-client,0.056810,1,Infinity,4987134.000000,1.000000
tango-controls,cppTango,0.056803,1,Infinity,4988559.000000,0.500000
deephdc,DEEP-OC-seeds-classification-tf,0.055983,1,Infinity,4914562.000000,1.000000
supercollider,supercollider,0.055566,3,35807626.500000,4875869.000000,1.500000
Auugustocesar,react-native-file-opener,0.055525,1,Infinity,4874248.000000,1.000000
VOLTTRON,volttron,0.055456,1,Infinity,4868237.000000,1.000000
chuan12,shenzhouzd,0.055095,1204,Infinity,0.000000,1204.000000
vebradev,Sprint-Challenge-Lambda-Times-React,0.054979,1,Infinity,4826274.000000,1.000000
htcondor,htcondor,0.054680,2,Infinity,4795999.000000,2.000000
build-week-ill-serve-soup,daisy-front-end,0.054522,1,Infinity,4786139.000000,1.000000
RaneWallin,webtesting-i-challenge,0.054462,1,Infinity,4780899.000000,1.000000
sean-perkins,nativescript-animated-circle,0.054371,1,4773149.000000,4772927.000000,1.000000
vesoft-inc,nebula,0.051846,1,4505863.500000,4554551.000000,0.125000
mpsq,what-time-is-it,0.051114,1117,Infinity,0.000000,1117.000000
Activiti,activiti-cloud-acceptance-scenarios,0.050979,1,Infinity,4474911.000000,1.000000
RaneWallin,webauth-iii-challenge,0.050218,1,Infinity,4407990.000000,1.000000
jeffcampbell,stucktruck,0.049924,1091,Infinity,0.000000,1091.000000
adambard,learnxinyminutes-docs,0.048960,1,Infinity,4297535.000000,1.000000
openMF,mobile-wallet,0.048318,5,Infinity,4224989.600000,5.000000
Illu,APOD,0.048312,1,Infinity,4240565.000000,1.000000
Sylius,Sylius,0.048023,1,1454807.000000,4218161.000000,0.250000
ProtoSchool,protoschool.github.io,0.047884,3,10778409.000000,4200956.000000,1.500000
RaneWallin,Sprint-Challenge-Authentication,0.047298,1,Infinity,4151504.000000,1.000000
hackroid,homepage,0.047154,5,Infinity,4132802.333333,2.500000
trc492,Frc2019DestinationDeepSpace,0.046887,3,Infinity,4107351.500000,3.000000
himobi,hotspot,0.046126,1008,Infinity,0.000000,1008.000000
dotclear,dotclear,0.045211,988,Infinity,0.000000,988.000000
noqqe,why-openbsd.rocks,0.045033,4,Infinity,3940380.666667,4.000000
jet,equinox,0.044453,9,Infinity,3869354.500000,9.000000
cylim,talks,0.044397,3,Infinity,3888552.000000,3.000000
jonaskuske,ng-app,0.044068,3,Infinity,3859650.333333,3.000000
taozhi8833998,ts-graphql-sequelize,0.043948,4,Infinity,3853095.333333,2.000000
prestodb,presto,0.043712,2,Infinity,3838859.000000,0.400000
telemark,micro-stats,0.043676,4,Infinity,3821182.500000,4.000000
ls1intum,Artemis,0.043632,6,Infinity,3827410.000000,1.500000
nexylan,slack,0.043443,3,22409197.000000,3804732.000000,3.000000
dangus1924,Preprocessing-I,0.043357,1,Infinity,3805230.000000,1.000000
checkout,checkout-api-reference,0.043249,2,Infinity,3795709.000000,1.000000
codevise,pageflow-panorama,0.043232,1,Infinity,3794235.000000,1.000000
vebradev,Redux-Swapi,0.042975,1,Infinity,3771699.000000,1.000000
kihors,homeworksMA,0.042607,6,Infinity,3719267.200000,6.000000
ibmruntimes,openj9-openjdk-jdk11,0.042562,1,3711866.000000,3737390.000000,0.500000
spotify,comet-core,0.042395,3,Infinity,3712671.000000,3.000000
ongkasit,Preprocessing-II,0.042306,1,Infinity,3712848.000000,1.000000
FromAtom,Kujaku,0.042000,1,Infinity,3686001.000000,1.000000
torproject,chutney,0.041953,1,Infinity,3681841.000000,1.000000
sevenwestmedia-labs,typescript-object-validator,0.041895,3,3.000000,16075.000000,1.000000
monix,monix,0.041762,1,Infinity,3665073.000000,1.000000
apache,incubator-echarts,0.041667,0,3.000000,0.000000,0.000000
Homebrew,brew,0.041667,0,3.000000,0.000000,0.000000
ARGOeu,web-ui,0.041362,1,Infinity,3629989.000000,1.000000
Qotes,Colors,0.041338,1,Infinity,3627874.000000,1.000000
GoogleChromeLabs,squoosh,0.041324,13,Infinity,3604462.000000,6.500000
betagouv,demarches-simplifiees.fr,0.041239,7,5475854.500000,3618507.500000,1.166667
vebradev,Sprint-Challenge-Redux-Smurfs,0.041207,1,Infinity,3616290.000000,1.000000
odoo-mergebot-testing-org,proj,0.040864,893,Infinity,0.000000,893.000000
fniessink,sub-do,0.040308,2,Infinity,3533293.500000,2.000000
geos4s,18w856162,0.040269,880,Infinity,0.000000,880.000000
devmiyax,yabause,0.040157,1,8082912.000000,3524080.000000,1.000000
call-a3,rollup-plugin-magic-string,0.040054,2,Infinity,3515011.000000,1.000000
jenkinsci,remoting-kafka-plugin,0.039813,1,Infinity,3493818.000000,1.000000
elementary,switchboard-plug-sharing,0.039764,2,Infinity,3485492.500000,2.000000
jenkins-zh,jenkins-zh,0.039631,3,Infinity,3475860.333333,1.500000
terkelg,prompts,0.039565,1,Infinity,3472111.000000,1.000000
jasonnutter,vscode-codeowners,0.039536,2,Infinity,3465539.000000,2.000000
fbraem,kwai,0.039287,4,Infinity,3435584.000000,4.000000
sugarshin,sdu,0.038951,2,Infinity,3414145.000000,2.000000
m1ha5,testing,0.038896,850,Infinity,0.000000,850.000000
DistributedProofreaders,dproofreaders,0.038193,4,Infinity,3347551.250000,2.000000
ros2,rmw_opensplice,0.038192,2,29786283.000000,3351440.000000,1.000000
shopinvader,odoo-shopinvader,0.038066,1,Infinity,3340332.000000,1.000000
kubernetes,kops,0.038064,2,12795484.000000,3340219.000000,1.000000
katcipis,cv,0.037549,1,Infinity,3294972.000000,1.000000
stevenpersia,leboncoin-react,0.037476,6,Infinity,3280538.000000,3.000000
yogiduzit,codecore-quiz-1,0.037427,2,Infinity,3280218.000000,2.000000
codevise,pageflow-linkmap-page,0.037261,1,Infinity,3269639.000000,1.000000
smallrye,smallrye-metrics,0.037211,1,Infinity,3265297.000000,1.000000
kata-containers,documentation,0.037037,1,3249974.000000,3249924.000000,1.000000
Sanic48,devops-course,0.036938,1,Infinity,3241305.000000,1.000000
torproject,fallback-scripts,0.036821,3,Infinity,3228991.333333,1.500000
dj-stripe,dj-stripe,0.036504,1,11200173.500000,3203108.000000,1.000000
unexpectedjs,unexpected-reaction,0.036487,1,Infinity,3201627.000000,1.000000
ocaml-ppx,ppx_deriving_protobuf,0.036485,1,1448567.000000,3201470.000000,1.000000
nextcloud,android,0.036284,9,Infinity,3178810.000000,2.250000
SkillsFundingAgency,das-providerapprenticeshipsservice,0.036218,1,Infinity,3178038.000000,1.000000
vebradev,bookr,0.036186,3,Infinity,3167199.333333,3.000000
SecUSo,privacy-friendly-qr-scanner,0.036166,3,Infinity,3165428.000000,3.000000
eclipse,mosquitto,0.036113,7,1343132.250000,3158683.666667,3.500000
tonydeng,tdd-tutorials,0.036057,2,Infinity,3159851.000000,2.000000
puppetlabs,razor-vanagon,0.035902,1,Infinity,3150291.000000,1.000000
joule-labs,webln-docs,0.035798,4,Infinity,3129048.000000,4.000000
aurobindamondal,myproject,0.035785,782,Infinity,0.000000,782.000000
wso2,wso2-axis2-transports,0.035566,1,Infinity,3120715.000000,1.000000
second-state,lity,0.035432,2,Infinity,3108965.000000,1.000000
firstclasspostcodes,firstclasspostcodes-ruby,0.035264,6,Infinity,3086147.666667,3.000000
QOSGroup,kepler,0.035139,1,Infinity,3083254.000000,1.000000
TheKevJames,puppet-homebrew,0.034996,1,Infinity,3070663.000000,1.000000
seachicken,Sketch-Line-Height-Fixer,0.034926,1,Infinity,3064469.000000,1.000000
ongkasit,JavaScript-I,0.034895,1,Infinity,3061776.000000,1.000000
shashi,APL.jl,0.034858,1,Infinity,3058501.000000,1.000000
hmcts,div-case-orchestration-service,0.034796,3,Infinity,3053113.000000,1.000000
koushikr,jelastic,0.034591,1,Infinity,3035074.000000,1.000000
nordic-institute,X-Road,0.034539,8,Infinity,3018459.000000,4.000000
telemark,portalen,0.034303,12,Infinity,2989700.300000,6.000000
ethereumjs,ethereumjs-wallet,0.033994,1,31855812.000000,2982628.000000,1.000000
AskYous,audio-note,0.033703,3,Infinity,2949012.333333,3.000000
anumehashukla,Saher,0.033654,0,3.714286,0.000000,0.000000
ofiwg,libfabric,0.033639,1,Infinity,2951441.000000,1.000000
rfripp2,fakeMDN,0.033435,1,Infinity,2933503.000000,1.000000
SE-Garden,tms-management,0.033412,2,8149805.000000,2927474.000000,2.000000
stripe,veneur,0.032962,3,Infinity,2891924.000000,1.000000
github,ccql,0.032468,1,Infinity,2848503.000000,1.000000
fitzychan,gmdashboard,0.032322,1,Infinity,2835743.000000,1.000000
swfz,ngx-sample,0.032236,8,Infinity,2816106.333333,4.000000
tc39,proposal-top-level-await,0.032017,2,Infinity,2808889.000000,1.000000
axelor,axelor-business-suite,0.031504,3,Infinity,2763887.000000,1.000000
apache,flink,0.031426,19,Infinity,2754651.285714,1.583333
Lombiq,Orchard,0.031392,686,Infinity,0.000000,686.000000
theforeman,foreman,0.031368,2,Infinity,2751932.000000,1.000000
gulvarol,surreal,0.031273,1,4.000000,0.000000,0.500000
civicrm,civicrm-core,0.031008,3,Infinity,2720236.000000,1.000000
libgit2,libgit2,0.030814,6,Infinity,2695180.000000,3.000000
ufo-kit,ufo-filters,0.030800,8,Infinity,2673872.000000,8.000000
jembi,cameroon-openmrs-module-appointmentresponseextension,0.030734,2,Infinity,2692206.000000,2.000000
jikeytang,vyan-shop-node,0.030327,1,Infinity,2660442.000000,1.000000
ProgHQ,bpm-usb,0.030189,2,Infinity,2644329.000000,2.000000
hashibiroko,tanoshi,0.030110,658,Infinity,0.000000,658.000000
donaldsouza,my_project,0.030110,658,Infinity,0.000000,658.000000
agusasdfkajsd,serverip,0.030110,658,Infinity,0.000000,658.000000
necraidan,funkoPoopManager,0.030017,19,Infinity,2598989.000000,9.500000
8emezzo,8emezzo.github.io,0.029881,653,Infinity,0.000000,653.000000
rundeck,docs,0.029878,3,Infinity,2621989.000000,0.750000
myriadteam,myriadcoin,0.029874,1,Infinity,2620666.000000,1.000000
lonefintech,hugo-contrarian,0.029790,651,Infinity,0.000000,651.000000
hmcts,cmc-claim-store,0.029536,19,Infinity,2586455.000000,2.111111
percona,mongodb_exporter,0.029496,1,Infinity,2587474.000000,1.000000
Racheltrq,Collaboard,0.029457,5,Infinity,2567891.000000,5.000000
erxes,erxes-integrations,0.029453,9,Infinity,2569597.000000,4.500000
HaloSpaceStation,HaloSpaceStation13,0.029356,4,Infinity,2575153.000000,1.000000
GitClock,GitClock,0.029012,634,Infinity,0.000000,634.000000
nimiq,keyguard,0.028897,2,Infinity,2530803.500000,2.000000
ShipSoft,FairShip,0.028841,5,Infinity,2523832.400000,2.500000
beemdevelopment,Aegis,0.028818,1,Infinity,2527841.000000,1.000000
h2o,h2o,0.028484,6,Infinity,2478391.500000,6.000000
taivokasper,docker-omnidb,0.028314,2,Infinity,2479531.000000,2.000000
g0v-data,mirror-minutely,0.028234,617,Infinity,0.000000,617.000000
Anarkion,Authomation,0.028148,1,Infinity,2469003.000000,1.000000
umbrellio,laravel-pg-extensions,0.028016,4,Infinity,2453371.000000,2.000000
telemark,avtale-dashboard,0.027967,2,Infinity,2449111.000000,2.000000
vippsas,vipps-developers,0.027864,5,Infinity,2427984.500000,5.000000
ec-europa,platform-dev,0.027762,6,Infinity,2415017.666667,6.000000
verdaccio,verdaccio-google-cloud,0.027698,5,8232664.000000,2423458.000000,2.500000
IBM-Blockchain,blockchain-vscode-extension,0.027603,2,7931644.000000,2421135.500000,1.000000
Emurgo,yoroi-frontend,0.027598,15,Infinity,2394577.333333,7.500000
wso2,developer-studio,0.027541,1,Infinity,2415672.000000,1.000000
wso2,devstudio-tooling-platform,0.027536,1,Infinity,2415221.000000,1.000000
wso2,devstudio-tooling-esb,0.027527,1,Infinity,2414462.000000,1.000000
official-stockfish,Stockfish,0.027502,1,Infinity,2412273.000000,1.000000
google,gvisor,0.027402,7,2403832.000000,2400443.000000,1.750000
simonsobs,map_based_simulations,0.027294,1,Infinity,2393962.000000,1.000000
SpiNNakerManchester,spinnaker_tools,0.027271,1,Infinity,2391976.000000,1.000000
nikitanovosibirsk,jj,0.027267,1,Infinity,2391606.000000,1.000000
acmephp,acmephp,0.027042,1,Infinity,2373854.000000,0.500000
kaliop-uk,ezmigrationbundle,0.026480,7,59427.000000,2312199.000000,3.500000
silx-kit,silx,0.026394,1,Infinity,2314891.000000,1.000000
Thoughtscript,academic_papers,0.026346,1,Infinity,2310636.000000,1.000000
datastax,java-driver,0.026131,3,Infinity,2283784.000000,3.000000
kata-containers,runtime,0.025932,1,2280504.000000,2276337.000000,0.500000
pequet,public-logs,0.025855,565,Infinity,0.000000,565.000000
moreonion,little_helpers,0.025735,1,Infinity,2257034.000000,1.000000
akiseppanen,repick,0.025721,18,Infinity,2223619.500000,9.000000
moreonion,payment_controller_data,0.025668,1,Infinity,2251114.000000,1.000000
apache,mynewt-nimble,0.025544,3,Infinity,2240229.333333,1.000000
fo2rist,McLaren,0.025517,4,Infinity,2225764.000000,4.000000
TykTechnologies,tyk-docs,0.025303,6,Infinity,2211024.666667,3.000000
Sidebail,JS_BosJs,0.025046,1,5.000000,7.000000,1.000000
tidusjar,Ombi,0.025000,0,5.000000,0.000000,0.000000
ItzLevvie,Office16,0.024985,546,Infinity,0.000000,546.000000
nmusolino,codeowners-cpp,0.024784,1,Infinity,2173441.000000,1.000000
dgrunwald,rust-cpython,0.024768,2,Infinity,2168009.000000,2.000000
scalyr,scalyr-agent-2,0.024647,3,Infinity,2153361.000000,3.000000
ARXChrono,gatsby-theme-scarlet,0.024447,8,Infinity,2115666.000000,8.000000
saqib-ali,hivemined,0.023887,522,Infinity,0.000000,522.000000
18F,path-analysis,0.023838,2,1682234.833333,2086292.000000,2.000000
nirmata,kube-static-egress-ip,0.023830,1,Infinity,2089596.000000,1.000000
kubevirt,user-guide,0.023666,3,Infinity,2075202.500000,1.000000
phase2,particle,0.023611,4,Infinity,2058324.000000,4.000000
symfony,flex,0.023465,1,Infinity,2057546.000000,1.000000
linux-rdma,rdma-core,0.023433,2,Infinity,2054762.500000,1.000000
mockito,mockito-scala,0.023280,2,Infinity,2041342.000000,1.000000
janl,mustache.js,0.023269,4,Infinity,2028294.000000,4.000000
dry-rb,dry-schema,0.023232,2,Infinity,2033041.000000,2.000000
exceljs,exceljs,0.023215,2,Infinity,2031549.000000,2.000000
hmcts,sscs-submit-your-appeal,0.023205,2,Infinity,2030670.000000,2.000000
spatie,laravel-responsecache,0.023143,4,Infinity,2025236.000000,2.000000
OCSInventory-NG,UnixAgent,0.022949,3,907319.000000,2010162.666667,1.500000
Angular-RU,angular-logger,0.022878,2,Infinity,2001971.000000,2.000000
netdata,go.d.plugin,0.022745,2,Infinity,1990276.000000,2.000000
wso2-extensions,identity-inbound-provisioning-scim2,0.022719,3,Infinity,1992012.000000,1.000000
wso2,charon,0.022632,3,Infinity,1982365.000000,1.500000
COSIMA,cosima-recipes,0.022581,1,Infinity,1979937.000000,1.000000
crowdanalyzer,eslint-react,0.022528,2,Infinity,1971224.000000,2.000000
dry-rb,dry-rb.org,0.022492,2,Infinity,1968097.000000,2.000000
OpenOrienteering,mapper,0.022422,2,6371937.500000,1961935.000000,2.000000
PaloAltoNetworks,pan-fca,0.022338,1,Infinity,1958525.000000,1.000000
vebradev,webapi-ii-challenge,0.022329,1,Infinity,1957758.000000,1.000000
tomerfiliba,plumbum,0.022324,6,Infinity,1937203.500000,6.000000
CorfuDB,CorfuDB,0.022003,4,Infinity,1927743.000000,1.333333
hpe-storage,python-hpedockerplugin,0.021847,1,Infinity,1918053.000000,0.333333
Intel-bigdata,OAP,0.021728,1,Infinity,1907647.000000,0.333333
signifly,laravel-cancellation,0.021635,2,Infinity,1892735.000000,2.000000
dangus1924,JavaScript-III,0.021616,1,Infinity,1895132.000000,1.000000
MuseMinded,google-drive-ruby,0.021593,1,Infinity,1893066.000000,1.000000
jirfag,go-queryset,0.021586,1,Infinity,1892462.000000,1.000000
shipcloud,shipcloud-ruby,0.021518,1,Infinity,1886505.000000,1.000000
qjia7,tfjs-webgl2compute,0.021474,1,Infinity,1882631.000000,1.000000
isa10years,gittest3,0.021462,469,Infinity,0.000000,469.000000
vebradev,webapi-iii-challenge,0.021340,1,Infinity,1870891.000000,1.000000
nonohry,nono.my.id,0.021159,3,Infinity,1846940.000000,3.000000
dradis,dradis-nmap,0.021158,1,Infinity,1854864.000000,1.000000
faucetsdn,chewie,0.021111,3,Infinity,1848747.000000,1.500000
vtfk,ms-shared-api-identity-mapper,0.021052,3,Infinity,1837490.000000,3.000000
digipost,signature-api-client-java,0.020954,9,Infinity,1822835.333333,4.500000
d3sw,conductor,0.020839,4,Infinity,1822851.666667,2.000000
mysterin,question_and_answer,0.020833,0,6.000000,0.000000,0.000000
unep-grid,map-x-mgl,0.020794,3,Infinity,1814885.500000,3.000000
alphagov,gds-way,0.020695,1,Infinity,1814176.000000,1.000000
the-difference-engine,rescue-leftover-cuisine2,0.020674,3,Infinity,1812322.000000,1.000000
terkelg,globalyzer,0.020666,1,Infinity,1811653.000000,1.000000
DALnet,bahamut,0.020663,1,Infinity,1811391.000000,1.000000
Blosc,python-blosc,0.020637,2,Infinity,1805043.000000,2.000000
rabiran,karting,0.020629,4,1201110.000000,1804356.666667,2.000000
Wizcorp,node-iap,0.020607,1,Infinity,1806445.000000,1.000000
telekom,telements,0.020572,3,Infinity,1801389.000000,1.500000
chengheai,vue-week-picker,0.020533,1,Infinity,1799992.000000,1.000000
mesosphere,dcos-kafka-service,0.020530,2,Infinity,1799733.000000,1.000000
theforeman,foreman_discovery,0.020503,2,Infinity,1797311.000000,1.000000
molgenis,molgenis-app-genenetwork,0.020445,2,Infinity,1792232.000000,1.000000
aquaskyline,LRSIM,0.020441,1,Infinity,1791907.000000,1.000000
emmanuel33700,espace_adherents,0.020420,1,Infinity,1789999.000000,1.000000
danielraysa,gki-manajemen-aset,0.020334,4,Infinity,1770427.000000,4.000000
zsxs2,zs,0.020226,442,Infinity,0.000000,442.000000
zsxs2,zsxs2.github.io,0.020226,442,Infinity,0.000000,442.000000
corda,corda,0.020221,1,Infinity,1774559.000000,0.500000
wlgrd,ppk_api,0.020206,1,Infinity,1771262.000000,1.000000
gulpetl,gulp-etl-savestate,0.020203,2,Infinity,1766989.000000,2.000000
ansible,molecule,0.020190,4,12293113.000000,1765827.750000,2.000000
mozilla,treeherder,0.020162,6,Infinity,1766553.000000,1.200000
yasufabric,green-book,0.020078,3,Infinity,1751966.000000,3.000000
ongkasit,JavaScript-IV,0.019972,1,Infinity,1750676.000000,1.000000
iancoleman,bip39,0.019966,3,37609.000000,1741820.666667,3.000000
kubevirt,project-infra,0.019780,1,Infinity,1733781.000000,1.000000
mariolukas,HydraPlay,0.019744,2,Infinity,1726644.000000,2.000000
jacksonjp,nextjs-sass-intl-spa-static-export,0.019733,18,Infinity,1697533.600000,9.000000
musescore,MuseScore,0.019685,4,Infinity,1713367.666667,4.000000
fumieval,extensible,0.019673,2,Infinity,1724439.000000,1.000000
integr8ly,middleware-load-testing,0.019664,1,Infinity,1723628.000000,1.000000
helenxfu,todo-vue,0.019629,1,Infinity,1720577.000000,1.000000
ska-sa,katcp,0.019603,1,Infinity,1720255.000000,0.500000
kentrikos,terraform-aws-k8s-ingress-proxy-vpc-endpoint-service,0.019586,2,Infinity,1712731.000000,2.000000
vebradev,webapi-challenge,0.019581,1,Infinity,1716310.000000,1.000000
AdamMarczyk,react-native-albums,0.019573,2,Infinity,1715615.000000,1.000000
chengheai,daily-vue-demo,0.019554,1,Infinity,1713974.000000,1.000000
coreos,kube-prometheus,0.019541,1,Infinity,1712772.000000,1.000000
pokkonen,ReactPro,0.019536,1,Infinity,1712401.000000,1.000000
moderntribe,the-events-calendar,0.019515,4,Infinity,1698486.000000,4.000000
WordPress,gutenberg,0.019464,37,5943141.200000,1699425.555556,2.642857
firstclasspostcodes,firstclasspostcodes-mock,0.019384,14,Infinity,1674884.909091,7.000000
rooseveltframework,roosevelt-logger,0.019335,4,Infinity,1690647.000000,2.000000
groupon,swagql,0.019275,2,Infinity,1689432.000000,1.000000
talentup,web-app,0.019165,3,Infinity,1671724.000000,3.000000
Vooders,hibp-password-lookup,0.019163,1,Infinity,1679611.000000,1.000000
AMReX-Astro,Castro,0.019038,3,46424073.000000,1666628.000000,1.500000
DavidHewWing,davidhew.wing,0.019014,1,Infinity,1666512.000000,1.000000
emberjs,ember.js,0.018944,1,Infinity,1660335.000000,1.000000
rapidsai,cudf,0.018910,2,8029954.666667,1659740.000000,0.400000
koalificationio,terraform-provider-slack,0.018813,1,Infinity,1648808.000000,1.000000
flasco,logger,0.018753,1,Infinity,1643598.000000,1.000000
MystiDyse,Sprint-Challenge--JavaScript,0.018700,1,Infinity,1638893.000000,1.000000
aurelia,cli,0.018537,3,Infinity,1616580.000000,3.000000
DHBW-sWIm,mastercrm-vtiger,0.018533,405,Infinity,0.000000,405.000000
open-mpi,ompi,0.018474,1,Infinity,1619103.000000,1.000000
uponthesun,mtg-draft-ai,0.018451,4,Infinity,1604949.000000,4.000000
moreonion,count_up,0.018440,3,Infinity,1608055.000000,3.000000
BAMRU-Tech,bamru_net,0.018342,3,Infinity,1599469.000000,3.000000
JitkaCNGroup,lentils,0.018339,3,Infinity,1605180.000000,1.500000
meta-aman-gautam,GET2019,0.018336,2,Infinity,1606908.000000,1.000000
python,cpython,0.018328,1,Infinity,1609704.000000,0.142857
insomniac-bear,swedishBitter,0.018317,1,Infinity,1605291.000000,1.000000
bsl,bindings-GLFW,0.018280,1,Infinity,1602062.000000,1.000000
dencelle,MacroQuest2,0.018213,398,Infinity,0.000000,398.000000
thwee-alchemist,FourDSocketProxy,0.018183,1,Infinity,1593454.000000,1.000000
mage694,apartment-manager,0.018082,2,Infinity,1580567.000000,2.000000
ChristienGuy,blog-2,0.018036,29,Infinity,1526313.307692,14.500000
hexojs,hexo-webui,0.017897,3,Infinity,1566361.500000,1.500000
facebook,react-native,0.017864,1,7.000000,0.000000,0.142857
ElementAI,LCFCN,0.017857,0,7.000000,0.000000,0.000000
inertiajs,pingcrm,0.017857,0,7.000000,0.000000,0.000000
babel,babel,0.017689,4,39655539.000000,1546087.750000,2.000000
demisto,content,0.017659,13,Infinity,1543994.500000,1.857143
filesender,filesender,0.017653,4,12720.000000,1534000.333333,4.000000
gpii-ops,gpii-infra,0.017630,2,Infinity,1544879.000000,1.000000
ARGOeu,ams-push-server,0.017626,3,Infinity,1536522.666667,3.000000
aasm,aasm,0.017605,1,40531200.000000,1542674.000000,1.000000
CoinageCrypto,lamington,0.017490,9,Infinity,1524590.666667,3.000000
LYNCS-Keio,LYNCS-Noshiro2019,0.017469,14,Infinity,1520673.000000,3.500000
johnconnor31,learnings,0.017291,3,Infinity,1507122.500000,3.000000
cortex,ripasso,0.017245,1,Infinity,1511055.500000,1.000000
dschanoeh,socketcand,0.017237,1,Infinity,1510381.000000,1.000000
mbrn,material-table,0.017118,8,2451646.500000,1497488.800000,1.600000
google,flutter-desktop-embedding,0.017068,1,7444.500000,1497096.000000,0.250000
deprezal,doc-tep-geohazards,0.016951,3,Infinity,1477214.000000,3.000000
friendica,friendica,0.016905,1,3424839.000000,1483207.000000,0.500000
popeindustries,lit-html-server,0.016843,3,Infinity,1467745.000000,3.000000
postmanlabs,postman-request,0.016824,2,Infinity,1470117.000000,2.000000
streamr-dev,streamr-platform,0.016817,5,Infinity,1467445.000000,2.500000
AXOOM,PowerDns.Client,0.016798,1,Infinity,1471774.000000,1.000000
SkillsFundingAgency,das-campaign,0.016767,5,Infinity,1463057.000000,2.500000
pymor,pymor,0.016755,1,Infinity,1468073.000000,1.000000
evaizli,tripmates,0.016717,2,Infinity,1464687.000000,1.000000
molgenis,GAP,0.016608,1,Infinity,1455149.000000,1.000000
jcmoraisjr,haproxy-ingress,0.016591,4,144506.000000,1449520.500000,2.000000
Onegini,cordova-plugin-onegini,0.016575,2,Infinity,1452196.000000,1.000000
moreonion,webform_paymethod_select,0.016569,1,Infinity,1451670.000000,1.000000
Bhavika-keswani,acadmix_distribution,0.016567,1,Infinity,1451504.000000,1.000000
Ensembl,ensembl-compara,0.016562,2,Infinity,1451056.000000,1.000000
QMSTR,qmstr,0.016561,2,1108017.714286,1446976.000000,2.000000
vebradev,webdb-i-challenge,0.016425,1,Infinity,1439076.000000,1.000000
Compete-McGill,cp-website,0.016381,8,Infinity,1407015.600000,8.000000
microsoft,cobalt,0.016369,1,Infinity,1434094.000000,1.000000
adobe,adobeio-cna-lib-auth-ims,0.016345,1,Infinity,1432057.000000,1.000000
azerothcore,azerothcore-wotlk,0.016331,2,2447487.000000,1430814.000000,1.000000
kyren,rlua,0.016269,1,Infinity,1425362.000000,1.000000
kufu,smarthr-ui,0.016255,2,1796717.000000,1425448.000000,0.666667
watsona4,dot_julia,0.016245,355,Infinity,0.000000,355.000000
gulpetl,gulp-xmltojson,0.016236,3,Infinity,1414366.000000,3.000000
rubygarage,inquisition,0.016194,4,Infinity,1417412.000000,1.333333
victorrica,Bandersnatch,0.016133,4,Infinity,1401317.666667,4.000000
guardrdistro,guardr-project,0.016107,1,Infinity,1411126.000000,1.000000
Niger-Volta-LTI,iranlowo,0.016043,1,Infinity,1405459.000000,1.000000
allenyllee,ode,0.016016,350,Infinity,0.000000,350.000000
horisakis,dotfiles,0.016006,1,Infinity,1402212.000000,1.000000
NVIDIA,DALI,0.015994,2,Infinity,1403183.000000,0.500000
Dstar4,Conways-Life,0.015989,1,Infinity,1400715.000000,1.000000
SockPuppetry,Loop-B,0.015925,348,Infinity,0.000000,348.000000
SockPuppetry,Loop-A,0.015879,347,Infinity,0.000000,347.000000
scrapy-plugins,scrapy-statsd,0.015859,2,Infinity,1385285.000000,2.000000
ONSdigital,eq-survey-runner,0.015857,14,Infinity,1383763.000000,2.333333
grigorievk,menu-test,0.015821,1,Infinity,1386004.000000,1.000000
IntelLabs,vdms,0.015793,2,Infinity,1379504.000000,2.000000
ArmaForces,discord-bot,0.015776,2,Infinity,1377960.500000,2.000000
odoo-mergebot-testing-org,repo,0.015743,344,Infinity,142.000000,344.000000
BayoNet,ClickHouse,0.015733,4,Infinity,1366216.000000,4.000000
IntelLabs,pmgd,0.015731,1,Infinity,1380120.000000,0.500000
TypeCtrl,ngx-github-buttons,0.015716,9,Infinity,1344554.500000,9.000000
Remmeauth,Documentation,0.015708,2,Infinity,1372057.000000,2.000000
scttcper,ng2-adsense,0.015649,7,Infinity,1346739.000000,7.000000
veritone,veritone-sdk,0.015649,3,Infinity,1362810.000000,3.000000
gitextensions,gitextensions,0.015625,0,8.000000,0.000000,0.000000
3-advisor,seohyeonee,0.015608,2,Infinity,1367270.000000,1.000000
arraiyopensource,kornia,0.015599,1,Infinity,1366429.000000,1.000000
assembl,assembl,0.015574,3,Infinity,1362275.000000,1.500000
OpenCerts,admin-website,0.015567,4,Infinity,1359674.000000,2.000000
PAYONE-GmbH,shopware-5,0.015558,1,Infinity,1362838.000000,1.000000
conda-forge,fenics-feedstock,0.015534,1,Infinity,1360776.000000,1.000000
aCluelessDanny,typora-theme-ursine,0.015520,10,2245554.250000,1323329.750000,10.000000
dessibelle,Blue-Screen-Saver,0.015479,2,Infinity,1351916.000000,2.000000
virtual-vehicle,ldma-app,0.015475,1,Infinity,1355572.000000,1.000000
EventStore,documentation,0.015450,2,Infinity,1349332.500000,2.000000
vebradev,webdb-ii-challenge,0.015443,1,Infinity,1352746.000000,1.000000
iresty,docker-apisix,0.015429,1,Infinity,1351550.000000,1.000000
digipost,signature-api-specification,0.015418,2,Infinity,1350569.500000,1.000000
opawg,user-agents,0.015406,5,Infinity,1333433.000000,5.000000
FNA-XNA,FAudio,0.015404,1,1813372.000000,1349304.000000,1.000000
nnsuite,nnstreamer-example,0.015327,2,Infinity,1338522.000000,2.000000
mozilla,fxa,0.015276,5,8349262.000000,1337073.000000,1.250000
symfony,symfony-docs,0.015265,10,Infinity,1327759.000000,3.333333
digital-asset,ex-healthcare-claims-processing,0.015262,5,Infinity,1320814.500000,5.000000
lampepfl,dotty,0.015157,3,Infinity,1319609.333333,3.000000
gooddata,gooddata-react-components,0.015091,2,Infinity,1323187.000000,0.666667
cisco,mindmeld,0.015035,1,1823561.000000,1316927.000000,1.000000
rapyuta-robotics,zethus,0.015016,1,Infinity,1315293.000000,1.000000
F5Networks,f5-adcaas-openstack,0.014989,5,Infinity,1306883.500000,2.500000
opensistemas-hub,osbrain,0.014923,2,2887123.000000,1303064.500000,2.000000
woocommerce,woocommerce-ios,0.014918,7,Infinity,1296579.000000,3.500000
simonspa,eudaq,0.014836,1,Infinity,1299451.000000,1.000000
wix,yoshi,0.014805,12,21325327.000000,1288710.000000,3.000000
apache,beam,0.014802,1,Infinity,1299096.000000,0.333333
OpenNMS,opennms,0.014781,8,Infinity,1287938.000000,2.666667
moreonion,campaignion,0.014756,1,Infinity,1292421.000000,1.000000
nus-ncl,services-in-one,0.014749,1,Infinity,1291765.000000,1.000000
pythexcel,tms_python,0.014745,1,2418262.500000,1291447.000000,1.000000
hasgeek,boxoffice,0.014713,1,Infinity,1288670.000000,1.000000
erxes,erxes,0.014709,9,Infinity,1285092.000000,1.800000
hokidrany,hello-world,0.014705,2,Infinity,1287924.500000,1.000000
wavesplatform,WavesGUI,0.014704,7,Infinity,1286273.000000,1.400000
JMCuixy,swagger2word,0.014690,1,Infinity,1286622.000000,1.000000
fzqk,fzqk.github.io,0.014689,321,Infinity,0.000000,321.000000
imageio,imageio,0.014683,5,3413324.500000,1269892.000000,5.000000
mozilla,bedrock,0.014662,3,6393620.250000,1284168.000000,1.000000
hmcts,sscs-track-your-appeal-notifications,0.014633,3,Infinity,1281616.000000,1.000000
collaborationFactory,cplace-asc,0.014630,1,1353222.000000,1283379.000000,0.500000
nus-ncl,service-web,0.014601,1,Infinity,1278799.000000,1.000000
safex,wallet,0.014565,1,Infinity,1275651.000000,1.000000
moreonion,webform_confirm_email,0.014527,1,Infinity,1272316.000000,1.000000
vebradev,node-db3-challenge,0.014452,1,Infinity,1265678.000000,1.000000
ghiscoding,aurelia-slickgrid,0.014438,11,Infinity,1224303.000000,11.000000
cloudnativelabs,kube-router,0.014420,1,1466192.000000,1262841.000000,1.000000
a8m,rql,0.014347,1,Infinity,1256508.000000,1.000000
playframework,playframework,0.014278,1,3854079.000000,1253081.000000,0.333333
PaddlePaddle,Paddle,0.014273,5,7405.750000,1251698.600000,0.200000
openshift,aos-cd-jobs,0.014272,2,Infinity,1249906.000000,1.000000
openeuropa,code-review,0.014267,1,Infinity,1249432.000000,1.000000
ariarijp,embulk-output-google_sheets_ruby,0.014083,1,Infinity,1233302.000000,1.000000
JetBrains,kotlin-native,0.014077,3,5117.000000,1232218.500000,0.600000
source-academy,cadet-frontend,0.014019,7,Infinity,1226991.000000,1.166667
Azure-Samples,Cognitive-Speech-TTS,0.014016,2,Infinity,1227433.000000,1.000000
Lombiq,Combinator,0.014003,306,Infinity,0.000000,306.000000
pedreviljoen,mongoose-redis-caching,0.013972,2,Infinity,1219497.500000,2.000000
jagrament,docomo-nlu,0.013957,1,Infinity,1224190.000000,0.500000
strudeljs,strudeljs.org,0.013950,4,Infinity,1209533.000000,4.000000
JuliaDiffEq,SparseDiffTools.jl,0.013925,6,Infinity,1199253.333333,6.000000
sbt,io,0.013896,1,Infinity,1218852.000000,0.500000
hackroid,blog,0.013889,5,Infinity,1210168.666667,2.500000
racedisparityaudit,ethnicity-facts-and-figures-infrastructure,0.013853,1,Infinity,1213080.000000,1.000000
Bit-Clouded,CitrusRind,0.013848,1,Infinity,1212606.000000,1.000000
navikt,kursoversikt,0.013844,4,Infinity,1200182.000000,4.000000
plotly,dash-table,0.013820,4,Infinity,1208823.000000,1.333333
Lombiq,Om.Orchard.SocialMetaTags,0.013820,302,Infinity,0.000000,302.000000
mazelka,bookstore,0.013773,1,Infinity,1206013.000000,1.000000
nokia,moler,0.013772,7,Infinity,1200559.000000,2.333333
e2nIEE,pandapower,0.013712,1,Infinity,1203321.000000,0.333333
timabell,timwise.co.uk,0.013701,5,Infinity,1183675.500000,5.000000
Lombiq,Hastlayer-SDK,0.013682,299,Infinity,0.000000,299.000000
stardust-ui,react,0.013680,11,Infinity,1187162.000000,3.666667
janfelixklein,webots_ros_interface,0.013675,3,Infinity,1189405.000000,3.000000
Peltarion,sidekick,0.013665,4,Infinity,1192532.000000,2.000000
CanalTP,CDVNavitiaSDKUX,0.013660,2,Infinity,1192062.000000,2.000000
nickbabcock,rrinlog,0.013655,4,Infinity,1191641.000000,2.000000
academia-de-codigo,react-semantic-toasts,0.013644,3,Infinity,1186703.000000,3.000000
SkillsFundingAgency,das-reservations,0.013638,6,Infinity,1186124.000000,3.000000
mattrlucciola,auxsauce.github.io,0.013637,298,Infinity,0.000000,298.000000
hmcts,sscs-common,0.013614,4,Infinity,1190763.000000,1.333333
glpi-project,glpi,0.013582,1,Infinity,1191250.000000,0.500000
Leko,monow,0.013581,5,9056204.000000,1173076.000000,5.000000
CanalTP,NavitiaSDKUX_ios,0.013578,2,Infinity,1184860.500000,2.000000
commerceblock,ocean,0.013571,1,Infinity,1190294.000000,0.500000
Thibaultce,react-azuredevops-buildonce-deploymany,0.013534,1,Infinity,1185036.000000,1.000000
CanalTP,NavitiaSDKUX_android,0.013511,1,Infinity,1183068.000000,1.000000
qwertycoin-org,qwertycoin-zero,0.013507,3,Infinity,1174659.000000,3.000000
vebradev,node-db4-challenge,0.013470,1,Infinity,1179414.000000,1.000000
Lombiq,Helpful-Libraries,0.013454,294,Infinity,0.000000,294.000000
mbrn,material-table.com,0.013451,2,Infinity,1173751.000000,2.000000
Uberspace,lab,0.013444,1,Infinity,1177145.000000,1.000000
cockpit-project,cockpit,0.013418,4,1460537.000000,1175635.500000,0.800000
GENIVI,ramses-blender,0.013386,1,Infinity,1172029.000000,1.000000
Kcoop10,learn-co-sandbox,0.013362,292,Infinity,0.000000,292.000000
Lombiq,Associativy-Core,0.013362,292,Infinity,0.000000,292.000000
sanger,limber,0.013353,2,Infinity,1165156.500000,2.000000
matrix-org,dendrite,0.013346,1,17678880.000000,1168501.000000,1.000000
eclipse,lsp4j,0.013327,7,1573205.500000,1142695.000000,7.000000
opszero,auditkube,0.013322,14,Infinity,1114125.000000,14.000000
cisocrgroup,cis-ocrd-py,0.013295,1,Infinity,1164060.000000,1.000000
cozy,cozy-drive,0.013284,7,Infinity,1153011.333333,3.500000
aidenlab,Juicebox,0.013205,3,Infinity,1148137.000000,3.000000
python-discord,branding,0.013201,2,6995804.000000,1151754.000000,2.000000
geotrellis,geotrellis-contrib,0.013181,1,10945643.000000,1156079.000000,0.500000
jupyterlab,jupyterlab-metadata-service,0.013150,2,Infinity,1147253.000000,2.000000
IBM,pysvc,0.013100,1,Infinity,1146947.000000,1.000000
gulpetl,gulp-etl-target-spreadsheet,0.013088,2,Infinity,1141863.000000,2.000000
handshake-org,hsd,0.013077,5,1223978.000000,1138889.000000,2.500000
alibaba,ice,0.013069,15,184445.000000,1139495.333333,2.142857
python3statement,python3statement.github.io,0.013042,2,Infinity,1137786.000000,2.000000
multicharts,scanner-check,0.013042,285,Infinity,0.000000,285.000000
dpc-sdp,tide_site,0.013004,4,Infinity,1134440.000000,2.000000
dusit-thani-core-team,Dusit-Blog,0.012898,8,Infinity,1101031.000000,8.000000
callstack,react-native-paper,0.012895,5,5925352.000000,1127929.500000,1.250000
keen,keen-dataviz.js,0.012868,3,3353557.500000,1118494.500000,3.000000
FoundationDB,fdb-document-layer,0.012860,1,Infinity,1125861.000000,1.000000
fshariati61,back-end-take-home,0.012813,280,Infinity,0.000000,280.000000
etaler,Etaler,0.012809,2,5676640.000000,1117354.000000,2.000000
iiasa,message_ix,0.012809,2,Infinity,1121372.000000,1.000000
UKHO,ADM-PSmodule,0.012803,1,Infinity,1120824.000000,1.000000
JunoLab,atom-ink,0.012795,1,Infinity,1120148.000000,1.000000
HadoukenIO,fdc3-service,0.012757,1,Infinity,1116804.000000,1.000000
open-eid,DigiDoc4-Client,0.012743,1,Infinity,1115581.000000,1.000000
drycota,hillel-spring,0.012731,1,Infinity,1114507.000000,1.000000
hitohasaito,mofmof,0.012714,1,1114109.000000,1113021.000000,1.000000
nguyenthanganhhung,project_training,0.012701,1,Infinity,1113894.000000,0.500000
digital-asset,ex-structured-trade-finance,0.012661,1,Infinity,1108377.000000,1.000000
ElementsProject,lightning,0.012658,2,Infinity,1108044.500000,1.000000
GeographicaGS,UrboCore-processing,0.012645,1,Infinity,1106965.000000,1.000000
GeographicaGS,urbo-pgsql-connector,0.012637,1,Infinity,1106234.000000,1.000000
Kocal,jsdoc-vuejs,0.012613,24,Infinity,1059924.888889,12.000000
abubakarazeem,workflow_engine,0.012607,6,Infinity,1099604.000000,2.000000
gamejolt,gamejolt,0.012592,3,Infinity,1094225.000000,3.000000
ONSdigital,rm-survey-service,0.012543,1,Infinity,1097995.000000,1.000000
kubernetes,kubernetes,0.012542,16,23278327.400000,1099072.533333,0.695652
cms-data,Configuration-Generator,0.012541,1,Infinity,1097815.000000,1.000000
apache,incubator-doris,0.012514,1,Infinity,1098454.000000,0.250000
AnalyticalGraphicsInc,obj2gltf,0.012500,0,10.000000,0.000000,0.000000
fastify,fastify-multipart,0.012497,3,469638.000000,1085843.500000,3.000000
oVirt,ovirt-web-ui,0.012496,1,Infinity,1093884.000000,1.000000
t1,problem-detail,0.012444,5,Infinity,1073230.600000,5.000000
kallistahalim,K9MatchMaker,0.012396,6,Infinity,1077040.500000,3.000000
graphql-python,graphene-django,0.012364,1,14806159.000000,1085289.000000,0.250000
joelbarbosa,redux-saga-pt_BR,0.012307,1,Infinity,1077232.000000,1.000000
payara,Payara_PatchedProjects,0.012259,1,Infinity,1073026.000000,1.000000
payara,patched-src-jersey,0.012241,1,Infinity,1071415.000000,1.000000
Dibakarroy1997,myanimelist-data-set-creator,0.012205,1,Infinity,1068295.000000,1.000000
Vizzuality,half-earth-v3,0.012198,5,Infinity,1061652.500000,2.500000
aabuauf,ruby-music-library-cli-online-web-ft-071519,0.012126,265,Infinity,0.000000,265.000000
openmsupply,mobile,0.012057,5,720238.750000,1049191.500000,2.500000
mat0829,sinatra-fwitter-group-project-v-000,0.012035,263,Infinity,0.000000,263.000000
PX4,px4_user_guide,0.012007,11,Infinity,1032765.000000,5.500000
KCL-Planning,ROSPlan,0.011980,2,Infinity,1044511.666667,2.000000
supermobiteam2,Tizi,0.011943,261,Infinity,0.000000,261.000000
wikimedia,dumpgrepper,0.011938,1,Infinity,1044823.000000,1.000000
lucaslarrubia,Sprint-Challenge-Redux-Smurfs,0.011868,1,Infinity,1038646.000000,1.000000
sunberrysolar,sunberry6-prod,0.011852,259,Infinity,0.000000,259.000000
nulastudio,Freedom,0.011806,258,Infinity,0.000000,258.000000
triforcecoin,triforcecoin,0.011791,773,Infinity,0.000000,257.666667
t1,junit-5-structure-demo,0.011678,4,Infinity,1009883.333333,4.000000
md5-table,0c,0.011669,255,Infinity,0.000000,255.000000
md5-table,0b,0.011669,255,Infinity,0.000000,255.000000
md5-table,0a,0.011669,255,Infinity,0.000000,255.000000
Didstopia,SDL,0.011669,255,Infinity,0.000000,255.000000
Lombiq,Lombiq-Fields,0.011532,252,Infinity,0.000000,252.000000
byte-fe,react-model,0.011521,1,Infinity,1008170.000000,1.000000
CocoaPods,Specs,0.011486,251,Infinity,0.000000,251.000000
pfnet,optuna,0.011385,3,Infinity,996259.000000,1.000000
audeering,audtorch,0.011324,6,5739742.000000,970801.500000,6.000000
eugenkiss,7guis,0.011303,1,Infinity,989060.000000,1.000000
passionstorm,hrm,0.011297,3,Infinity,986489.666667,1.500000
lacolaco,shiritori,0.011286,1,Infinity,987542.000000,1.000000
ophrescue,RescueRails,0.011260,2,Infinity,981280.000000,2.000000
bigsinger,fakegps,0.011223,9,50477035.538462,967927.000000,4.500000
alibaba,nacos,0.011155,7,3575954.714286,976938.833333,0.777778
DenisSamusevich,it-academy-Csharp-Homework,0.011151,2,Infinity,971672.000000,2.000000
eugenp,tutorials,0.011098,2,Infinity,966996.000000,2.000000
plotly,dash,0.011085,4,Infinity,965858.000000,2.000000
mendix,docs,0.011084,23,Infinity,960598.181818,3.285714
UL-FRI,www-hugo,0.011077,2,Infinity,965138.000000,2.000000
liushuangxi,library_book,0.011074,242,Infinity,0.000000,242.000000
anchan828,gen-graphql-schema,0.011021,14,Infinity,940111.500000,7.000000
apache,pulsar,0.011002,6,16483572.000000,963608.000000,0.750000
Lombiq,Helpful-Extensions,0.010982,240,Infinity,0.000000,240.000000
Lombiq,Orchard-Liquid-Markup,0.010982,240,Infinity,0.000000,240.000000
okamokokorooo,git-app,0.010979,1,Infinity,960537.000000,1.000000
SkillsFundingAgency,tl-matching,0.010955,9,Infinity,950386.500000,3.000000
lunar-linux,moonbase-core,0.010900,4,Infinity,941571.500000,4.000000
ucla,moodle-mod_zoom,0.010825,4,4866784.500000,935001.000000,4.000000
joan2937,pigpio,0.010819,1,Infinity,946477.000000,1.000000
honzajavorek,py,0.010794,15,Infinity,918218.000000,7.500000
adobroshynskyi,slack-logger,0.010787,1,Infinity,943730.000000,1.000000
eridanletalis,PyDataScience,0.010701,3,Infinity,928071.000000,3.000000
ISISScientificComputing,autoreduce,0.010682,8,Infinity,927753.000000,2.666667
heitzmann,gdspy,0.010658,2,Infinity,928374.000000,2.000000
Baystation12,custom-items,0.010648,1,Infinity,931526.000000,1.000000
microsoft,vscode-azure-iot-edge,0.010644,3,Infinity,929137.500000,1.500000
electron-react-boilerplate,examples,0.010638,7,Infinity,906484.000000,7.000000
AppMetrics,AppMetrics,0.010578,1,3486425.000000,925303.000000,1.000000
inhabitedtype,ocaml-aws,0.010567,3,Infinity,922385.000000,1.500000
fossasia,susi_android,0.010470,2,953988.000000,917159.000000,0.666667
RetroWeeb,open-joystick-display,0.010417,0,12.000000,0.000000,0.000000
hasura,graphql-engine,0.010390,5,1252037.500000,906126.250000,1.666667
pupil-labs,pupil-docs,0.010356,1,Infinity,905797.000000,1.000000
WSXSMDXH,GSKJ7,0.010342,226,Infinity,0.000000,226.000000
kubernetes-sigs,cluster-api-provider-openstack,0.010338,2,1689284.000000,905609.500000,0.666667
shagunattri,PHP,0.010274,2,Infinity,894594.500000,2.000000
erxes,erxes-api,0.010265,14,Infinity,887781.333333,3.500000
HackGT,bolt,0.010264,2,2809255.500000,893698.000000,2.000000
Lombiq,Orchard-Azure-Application-Insights,0.010250,224,Infinity,0.000000,224.000000
Lombiq,Orchard-Training-Demo-Module,0.010250,224,Infinity,0.000000,224.000000
daostack,DAOstack-Hackers-Kit,0.010190,1,Infinity,891246.000000,1.000000
microsoft,gather,0.010189,1,1412142.000000,891167.000000,1.000000
DevAndrewMorse,Wendigo,0.010163,2,Infinity,884823.000000,2.000000
rsocket,rsocket-js,0.010123,2,5505133.500000,885399.000000,1.000000
NaSamir,Test,0.010119,11,13.000000,0.000000,11.000000
umijs,umi,0.010087,15,Infinity,874127.000000,3.000000
ceph,ceph,0.010080,4,Infinity,883272.750000,0.571429
KamilWasilonek,ui-internship-lwo2,0.010072,7,Infinity,856755.500000,7.000000
andela,ah-kifaru-backend,0.010066,4,Infinity,876335.000000,2.000000
ethersphere,SWIPs,0.010065,1,Infinity,882243.500000,0.500000
zeit-github-test,github-e2e-tests-production,0.010022,219,Infinity,0.000000,219.000000
md5-table,0d,0.010022,219,Infinity,0.000000,219.000000
opencollective,opencollective-invoices,0.009985,1,Infinity,873239.000000,1.000000
openshift,release,0.009980,2,Infinity,874131.000000,0.666667
acantu101,ruby-collaborating-objects-lab-v-000,0.009976,218,Infinity,0.000000,218.000000
mesosphere,charts,0.009972,7,Infinity,862084.500000,3.500000
mybatis,ignite-cache,0.009949,1,Infinity,870081.000000,1.000000
istanbuljs,nyc,0.009924,1,Infinity,867866.000000,1.000000
psukphranee,psukphranee.github.io,0.009902,1,Infinity,865974.000000,1.000000
coreos,zincati,0.009902,2,Infinity,865937.000000,1.000000
kubernetes,dashboard,0.009890,3,1000929.750000,866531.000000,0.600000
barakbri,dacomp,0.009890,5,Infinity,848790.000000,5.000000
teavmac,RongSys,0.009880,1,Infinity,864055.000000,1.000000
Nullizer,gfwlist-domains,0.009880,1,Infinity,864043.000000,1.000000
htmlacademy-adaptive,868593-pink-17,0.009861,1,Infinity,862327.000000,1.000000
pyrogram,pyrogram,0.009853,4,Infinity,849565.500000,4.000000
dizak,django-mothulity,0.009852,3,4635704.500000,853490.000000,3.000000
hexojs,hexo-renderer-haml,0.009840,1,Infinity,860518.000000,1.000000
hexojs,warehouse,0.009839,2,Infinity,860418.000000,1.000000
microsoft,powerbi-visuals-gantt,0.009835,1,Infinity,860065.000000,1.000000
wix,wix-ui-tpa,0.009834,11,1290723.000000,852938.000000,2.750000
akashic-games,akashic-cli,0.009816,3,Infinity,856403.000000,1.500000
gomicro,train,0.009806,3,Infinity,849447.666667,3.000000
Sen9a,CTraining,0.009804,2,Infinity,853305.000000,2.000000
AdobeDocs,adobeio-runtime,0.009781,2,Infinity,851273.000000,2.000000
manywho,ui-html5,0.009777,1,Infinity,854967.000000,1.000000
istio,istio,0.009768,1,6623942.666667,857842.500000,0.083333
nodes-vapor,template,0.009764,1,Infinity,853853.000000,1.000000
microsoft,azure-pipelines-yaml,0.009761,3,Infinity,851575.000000,1.500000
Kinedie,portfolio,0.009759,2,Infinity,849369.000000,2.000000
concludio,react-mathlive,0.009745,2,Infinity,848149.000000,2.000000
erlang,otp,0.009741,5,Infinity,849158.000000,1.666667
DiogoDuart3,Laravel-and-CKEditor-CKFinder,0.009730,3,Infinity,842773.000000,3.000000
zklaus,HighResMIP-fix,0.009727,1,Infinity,850557.000000,1.000000
dahlia-os,armadillo,0.009717,1,Infinity,849710.000000,1.000000
bey6,laboratory,0.009675,4,Infinity,841975.000000,2.000000
scikit-learn,scikit-learn,0.009674,3,78080.000000,847796.333333,0.500000
code-ready,clicumber,0.009671,1,857756.000000,847618.000000,0.500000
ome,rOMERO-gateway,0.009618,3,Infinity,832947.000000,3.000000
Lombiq,Pretty-Good-Bootstrap-Base-Theme,0.009610,210,Infinity,0.000000,210.000000
Unpublished,pkg-oss,0.009610,210,Infinity,0.000000,210.000000
flamingo-geocms,flamingo,0.009559,4,Infinity,823777.000000,4.000000
RedisLabs,redislabs-docs,0.009539,5,Infinity,817956.000000,5.000000
NuGet,NuGet.Client,0.009535,6,Infinity,831685.000000,1.500000
alfa-laboratory,arui-feather,0.009494,2,Infinity,830087.000000,1.000000
Angular-RU,angular-universal-starter,0.009479,3,Infinity,820742.500000,3.000000
keycloak,keycloak-documentation,0.009477,1,Infinity,830643.000000,0.500000
dazzbourgh,community-intersection,0.009473,2,946577.000000,824238.000000,2.000000
decred,politeiagui,0.009404,1,Infinity,822221.000000,1.000000
k14s,ytt,0.009404,5,Infinity,806092.000000,5.000000
gonum,gonum,0.009402,3,Infinity,819993.500000,1.500000
magicunderground,miso-card-picker,0.009391,1,Infinity,821009.000000,1.000000
rendez-vous-swift,ios-rendezvous,0.009381,1,Infinity,820156.000000,1.000000
Wifsimster,petrus,0.009370,3,Infinity,811153.000000,3.000000
Wikia,ad-engine,0.009319,9,Infinity,811499.000000,1.800000
mnemosx,javascript-exercises,0.009318,1,Infinity,814671.000000,1.000000
theVTOQ,playlister-sinatra-online-web-sp-000,0.009289,203,Infinity,0.000000,203.000000
sizigia,expressing-functions-ds-apply-000,0.009289,203,Infinity,0.000000,203.000000
bareos,bareos,0.009258,4,Infinity,805350.250000,2.000000
dingshuguang,dingshuguang.github.io,0.009244,202,Infinity,0.000000,202.000000
ARMmbed,mbed-os,0.009237,4,5013983.666667,810121.500000,0.363636
ansible,ansible,0.009198,5,Infinity,806777.200000,0.333333
rqlite,rqlite,0.009192,2,Infinity,799571.000000,2.000000
cashweb,keyserver,0.009157,5,2583371.000000,784384.500000,5.000000
ZeXtras,OpenZAL,0.009144,5,Infinity,796695.500000,1.666667
mantidproject,mantid,0.009131,11,3053252.500000,794815.333333,1.833333
OpenRCT2,OpenRCT2,0.009114,3,3087242.000000,794701.666667,1.500000
igas,base62,0.009105,2,Infinity,795915.000000,1.000000
igas,custom_base,0.009105,2,Infinity,795908.000000,1.000000
vebradev,webauth-i-challenge,0.009100,2,Infinity,791470.000000,2.000000
astronomersiva,lego,0.009091,4,Infinity,790685.333333,2.000000
ajitsing,sidekiq_queue_metrics,0.009086,1,Infinity,794276.000000,1.000000
samet-akcay,ganomaly,0.009053,1,Infinity,791370.000000,1.000000
ddekroon,PMotion,0.009051,4,Infinity,787141.000000,2.000000
sonar-intellij-plugin,sonar-intellij-plugin,0.009039,1,Infinity,790144.000000,1.000000
springgbv,Open-Bodem-Index-Calculator,0.008985,8,Infinity,773346.000000,4.000000
senjoeson,CordovaHelp,0.008976,2,Infinity,780584.000000,2.000000
Lombiq,Orchard-Theme-Override,0.008969,196,Infinity,0.000000,196.000000
EnjoyTheDev,csharp-course,0.008969,1,Infinity,783943.000000,1.000000
gabrielfirmacion,TravelApp,0.008954,2,Infinity,778661.000000,2.000000
allBames,mySpaceGame,0.008931,2,Infinity,776587.000000,2.000000
matheuscamargo,photo-contest,0.008924,3,Infinity,772001.000000,3.000000
Lombiq,Lombiq-Orchard-Visual-Studio-Extension,0.008923,195,Infinity,0.000000,195.000000
gamejolt,frontend-lib,0.008899,2,Infinity,773845.000000,2.000000
tomopy,tomopy,0.008898,1,969026.000000,779700.000000,0.500000
commoncode,ama-bot,0.008893,1,Infinity,777341.000000,1.000000
openzim,mwoffliner,0.008884,1,3998896.666667,776525.000000,1.000000
RasaHQ,rasa,0.008870,9,4111.000000,772635.000000,1.000000
viaacode,avo2-components,0.008868,1,Infinity,775114.000000,1.000000
pingcap,dm,0.008851,5,Infinity,767581.666667,2.500000
codacy,codacy-sonar-csharp,0.008847,3,173217.000000,771160.000000,1.500000
infinum,eightshift-frontend-libs,0.008834,2,Infinity,768081.000000,2.000000
uyuni-project,uyuni,0.008834,13,172157.000000,758633.500000,4.333333
SecureCodeWarrior,terraform-aws-vpc,0.008822,1,Infinity,773085.000000,0.500000
ankri,frontend-presentation-slides,0.008792,4,Infinity,764419.666667,2.000000
jeremylong,DependencyCheck,0.008787,1,Infinity,770030.000000,0.500000
kinecosystem,kin-sdk-android,0.008787,1,Infinity,767993.000000,1.000000
mojaloop,central-services-shared,0.008777,1,Infinity,769095.000000,0.500000
Essent,jss,0.008773,2,Infinity,762716.000000,2.000000
mozilla-mobile,firefox-ios,0.008769,1,6941198.000000,766383.000000,1.000000
Samsung,TizenRT,0.008746,4,1377223.500000,764413.250000,1.000000
theacodes,nox,0.008733,3,6710516.000000,761204.666667,1.500000
tv2,oil,0.008727,2,Infinity,758685.000000,2.000000
LAB-MI,candilibV2,0.008715,2,Infinity,761687.000000,1.000000
mapbender,query-builder,0.008684,1,Infinity,758953.000000,1.000000
QwantResearch,idunn,0.008669,2,Infinity,753580.000000,2.000000
Qiskit,qiskit-tutorials,0.008657,1,Infinity,756523.000000,1.000000
sipeed,MaixPy,0.008655,3,259455.000000,748321.000000,3.000000
contentful,forma-36,0.008651,5,Infinity,753367.000000,1.666667
srcclr,example-java-gradle,0.008648,1,Infinity,755792.000000,1.000000
ascent12,drm_info,0.008644,1,Infinity,755388.000000,1.000000
igas,faker,0.008636,3,Infinity,752675.500000,1.500000
astropy,astropy,0.008614,2,43233066.750000,755238.500000,0.400000
JunoLab,atom-julia-client,0.008608,1,Infinity,752279.000000,1.000000
maidsafe,safe-nd,0.008607,1,Infinity,752183.000000,1.000000
chromebot-websites,chromebot.cf,0.008583,26,Infinity,701844.400000,13.000000
YacobBY,TextRecognitionDataGenerator,0.008554,4,Infinity,735480.500000,4.000000
eclipse,kura,0.008522,1,Infinity,744718.000000,1.000000
arditdine,kepmerli,0.008519,1,Infinity,744411.000000,1.000000
ArcadeAnalytics,arcadeanalytics,0.008500,2,Infinity,744122.500000,0.666667
muditg317,TeleDrawings,0.008499,1,Infinity,742689.000000,1.000000
cegekaacademy,meetup-app,0.008488,2,Infinity,741675.000000,1.000000
qulacs,qulacs,0.008481,2,20129047.000000,741110.500000,1.000000
tinymce,tinymce-docs-4x,0.008477,3,Infinity,732742.000000,3.000000
jvm-bloggers,jvm-bloggers,0.008474,1,Infinity,740512.000000,1.000000
superdesk,superdesk-aap,0.008439,2,Infinity,733400.000000,2.000000
chingu-voyages,v10-bears-team-07,0.008420,4,Infinity,723649.000000,4.000000
medhir,blog,0.008396,7,Infinity,709483.000000,7.000000
tensorflow,tensorflow,0.008359,34,492671.600000,728698.000000,1.416667
Moroka,Edu,0.008349,2,Infinity,729478.000000,1.000000
kinvolk,lokomotive-kubernetes,0.008330,1,Infinity,727806.000000,1.000000
Lombiq,Associativy-Administration,0.008328,182,Infinity,0.000000,182.000000
aws,jsii,0.008293,10,Infinity,715172.250000,3.333333
gregnb,mui-datatables,0.008284,6,7442200.454545,719790.800000,2.000000
Lombiq,Orchard-Simple-Analytics,0.008237,180,Infinity,0.000000,180.000000
Lombiq,Orchard-Avatars,0.008237,180,Infinity,0.000000,180.000000
Lombiq,Orchard-Target-Blank,0.008237,180,Infinity,0.000000,180.000000
Lombiq,Orchard-User-Notifications,0.008237,180,Infinity,0.000000,180.000000
Lombiq,Responsive-Pretty-Good-Base-Theme,0.008237,180,Infinity,0.000000,180.000000
Lombiq,Orchard-Facebook-Suite,0.008237,180,Infinity,0.000000,180.000000
Lombiq,Associativy-Frontend-Engines,0.008237,180,Infinity,0.000000,180.000000
Lombiq,Orchard-External-Pages,0.008237,180,Infinity,0.000000,180.000000
edgexfoundry,device-mqtt-go,0.008237,2,725395.000000,715607.500000,2.000000
lsst-sqre,sqr-033,0.008202,4,Infinity,704509.000000,4.000000
ispc,ispc,0.008173,1,8073392.000000,714072.000000,1.000000
kiegroup,kogito-runtimes,0.008171,1,Infinity,713833.000000,1.000000
zcoinofficial,zcoin,0.008135,8,865998.000000,708320.333333,1.600000
Lombiq,RDB.Bindery,0.008100,177,Infinity,0.000000,177.000000
B3Partners,milton-b3p,0.008098,2,Infinity,703428.000000,2.000000
ministryofjustice,laa-apply-for-legal-aid,0.008080,8,Infinity,699169.000000,2.666667
mesalock-linux,mesatee,0.008068,1,708337.000000,706848.000000,0.500000
Lombiq,Orchard-Antispam,0.008054,176,Infinity,0.000000,176.000000
Bridgeconn,vachan-api,0.008053,5,Infinity,697469.500000,2.500000
Dolibarr,dolibarr,0.008034,7,399058.833333,701805.000000,1.000000
SAP,ui5-tooling,0.008026,7,2417429.000000,691114.000000,3.500000
alphagov,smart-answers,0.007992,13,Infinity,691737.250000,2.600000
dvsa,cvs-app-mobile,0.007985,2,Infinity,697492.000000,1.000000
hyperledger,education-sawtooth-simple-supply,0.007968,1,Infinity,696053.000000,1.000000
SonyaMoisset,udemy-react-redux,0.007967,4,Infinity,691929.000000,2.000000
andibraeu,revogismartstripcontrol,0.007958,5,Infinity,689096.800000,2.500000
metasfresh,metasfresh-webui-api,0.007954,3,Infinity,686780.000000,3.000000
bitnami,bitnami-docker-postgresql,0.007949,9,685159.000000,680312.000000,4.500000
SyneticNL,Hyral,0.007941,4,Infinity,681603.000000,4.000000
koiizukag,isucon7-qualify,0.007936,3,Infinity,685205.500000,3.000000
ONSdigital,dp-frontend-models,0.007933,1,Infinity,692969.000000,1.000000
sanger,quanthub,0.007933,2,Infinity,688916.000000,2.000000
Dome9,cloud-bots-azure,0.007921,5,Infinity,685869.000000,2.500000
status-im,status-react,0.007888,9,687059.000000,680945.000000,3.000000
guadguadt,up,0.007871,172,Infinity,0.000000,172.000000
formura,formura,0.007869,1,Infinity,687349.000000,1.000000
dashwav,yin-bot,0.007866,2,Infinity,683055.000000,2.000000
cncf,sig-security,0.007863,2,Infinity,686798.000000,1.000000
microsoft,vscode-java-test,0.007862,2,3426994.000000,682683.000000,2.000000
Globidev,twitch-player,0.007858,1,16.000000,0.000000,1.000000
ONSdigital,dp-frontend-dataset-controller,0.007837,1,Infinity,684537.000000,1.000000
iepoch,Hash-Tables,0.007836,1,Infinity,684447.000000,1.000000
evoila,osb-mysql,0.007831,1,Infinity,684011.000000,1.000000
PepperDouglas,Slots,0.007826,1,Infinity,683573.000000,1.000000
openl-git-test,forTest,0.007825,171,Infinity,0.000000,171.000000
antvis,g2,0.007813,0,16.000000,0.000000,0.000000
actesrun,appcenter-alerting-test-int,0.007813,0,16.000000,0.000000,0.000000
htmlacademy-adaptive,997177-pognali-17,0.007787,1,Infinity,680167.000000,1.000000
manuelbarzi,skylab-bootcamp-201907,0.007774,5,Infinity,677971.500000,1.250000
giantswarm,gsctl,0.007764,2,Infinity,674066.000000,2.000000
eHanse-IT,OAW_custom,0.007753,1,Infinity,677130.000000,1.000000
egovernments,egov-web-app,0.007748,6,Infinity,672658.000000,2.000000
etalab,sirene_as_api,0.007744,2,Infinity,676366.000000,1.000000
YunoHost,moulinette,0.007744,2,Infinity,672328.500000,2.000000
edbennett,cogs3,0.007736,1,94949.000000,677531.000000,0.500000
aeternity,aepp-middleware,0.007730,1,Infinity,675090.000000,1.000000
theia-ide,theia,0.007722,14,2554580.000000,669063.500000,2.333333
Malinskiy,marathon,0.007697,2,Infinity,672246.000000,1.000000
Lombiq,Pretty-Good-Base-Theme,0.007688,168,Infinity,0.000000,168.000000
Lombiq,Associativy-Extensions,0.007688,168,Infinity,0.000000,168.000000
huanghaibin-dev,CalendarView,0.007685,1,Infinity,671168.000000,1.000000
sulu,SuluFormBundle,0.007682,1,Infinity,670924.000000,1.000000
alphagov,paas-tech-docs,0.007679,2,Infinity,666645.000000,2.000000
renatolond,mastodon-twitter-poster,0.007678,6,Infinity,662553.800000,3.000000
marmelab,react-admin,0.007669,4,Infinity,657686.000000,4.000000
advancedtelematic,campaigner,0.007656,2,Infinity,668660.000000,1.000000
pbaffiliate10,repoTestCheckout,0.007642,167,Infinity,0.000000,167.000000
BankingofThings,BoT-ESP32-SDK,0.007639,1,2578077.000000,669096.000000,0.500000
TwitchBronBron,vscode-brightscript-language,0.007621,1,Infinity,665534.000000,1.000000
okakyo,TodoAppWithSpringBoot,0.007621,13,Infinity,617261.500000,13.000000
bahmni-msf,openmrs-module-bahmniapps,0.007598,1,Infinity,663529.000000,1.000000
direwolf-github,my-app,0.007596,166,Infinity,0.000000,166.000000
efrapp,library,0.007587,1,Infinity,662593.000000,1.000000
digabi,rich-text-editor,0.007586,5,Infinity,646362.000000,5.000000
Superjo149,auryo,0.007583,1,Infinity,662211.000000,1.000000
vebradev,webauth-iii-challenge,0.007582,1,Infinity,662103.000000,1.000000
bitnami,bitnami-docker-mysql,0.007581,5,754703.000000,655973.000000,2.500000
uber-web,baseui,0.007554,2,745328.000000,659678.000000,1.000000
Lombiq,Orchard-Azure-Indexing,0.007550,165,Infinity,0.000000,165.000000
Lombiq,Orchard-Route-Permissions,0.007550,165,Infinity,0.000000,165.000000
Lombiq,Orchard-Confirm-Leave,0.007550,165,Infinity,0.000000,165.000000
Lombiq,Orchard-Ace-Editor,0.007550,165,Infinity,0.000000,165.000000
Lombiq,Orchard-Ambassadors-Theme,0.007550,165,Infinity,0.000000,165.000000
Lombiq,Smart-Notifications,0.007550,165,Infinity,0.000000,165.000000
Lombiq,Orchard-Voting-API,0.007550,165,Infinity,0.000000,165.000000
Lombiq,Orchard-Facebook-Suite-Connect,0.007550,165,Infinity,0.000000,165.000000
Lombiq,NGM.Favorite,0.007550,165,Infinity,0.000000,165.000000
Lombiq,Orchard-Watcher,0.007550,165,Infinity,0.000000,165.000000
Lombiq,Orchard-BBCode,0.007550,165,Infinity,0.000000,165.000000
Lombiq,NGM.Forum,0.007550,165,Infinity,0.000000,165.000000
Lombiq,Orchard-Token-Title,0.007550,165,Infinity,0.000000,165.000000
Lombiq,Orchard-Download-As,0.007550,165,Infinity,0.000000,165.000000
Lombiq,NGM.VoteUpDown,0.007550,165,Infinity,0.000000,165.000000
Lombiq,Orchard-Distributed-Events,0.007550,165,Infinity,0.000000,165.000000
zhangguanzhang,gcr.io,0.007550,165,Infinity,0.000000,165.000000
microsoft,Recognizers-Text,0.007513,2,Infinity,656093.000000,1.000000
ClassicPress,ClassicPress,0.007486,1,Infinity,655675.000000,0.500000
vinodhss,DataBankRepo_Live,0.007482,2,Infinity,653319.000000,1.000000
Lombiq,Associativy-Notions-Demo-Instance,0.007459,163,Infinity,0.000000,163.000000
apache,dubbo,0.007455,2,514507.400000,653984.000000,0.250000
Lombiq,Associativy-Wikipedia-Instance,0.007413,162,Infinity,0.000000,162.000000
seekhealing,seekhealing.github.io,0.007400,8,Infinity,617971.250000,8.000000
OpenSRP,opensrp-client-core,0.007392,5,Infinity,642777.500000,1.666667
michellevenables1,rules-for-derivatives-lab-ds-apply-000,0.007367,161,Infinity,0.000000,161.000000
olofd,react-native-device-log,0.007353,0,17.000000,0.000000,0.000000
changsanjiang,SJVideoPlayer,0.007353,0,17.000000,0.000000,0.000000
andela,mrm_api,0.007351,10,Infinity,635772.000000,2.500000
